name,age,DOB
Amy Gonzalez,63,2021-06-27
Cathy Reed MD,74,2022-04-04
Sharon Gordon,9,2022-11-10
Amanda Smith,44,2024-09-06
Jeffrey Davenport,36,2021-03-17
Angela Smith,25,2022-08-27
Eric Bowman,27,2024-07-13
Sydney Carlson,90,2021-06-17
Alyssa Mccullough,30,2024-09-02
Kyle Willis,3,2020-10-09
Brian Morgan,58,2020-11-24
Ashley Valdez,95,2024-05-31
Timothy Lowe,94,2025-03-12
Mr. Christopher Burns,11,2020-08-29
Debra Hall,42,2021-12-18
Sherri Jackson,93,2021-03-26
Michael Harris,34,2021-04-01
Matthew Malone,71,2022-02-09
Sean Horton,69,2021-03-22
Erik Ward,63,2024-07-12
Luis Miller,54,2025-05-19
Todd Brown,0,2025-06-23
Melanie Turner,21,2023-10-09
Jill Mendoza,31,2024-06-19
Michael Garcia,93,2021-07-09
Crystal Fleming,81,2021-04-09
Darren Foley,76,2022-12-12
Austin Terry,99,2022-06-05
Jodi Burton,36,2023-12-12
Jacob Norman,91,2024-02-07
April Barry,67,2022-09-12
Elizabeth Barnett,32,2024-09-30
David Hughes,46,2021-10-05
Carla Martin,81,2022-01-30
Jamie Robinson,90,2021-12-11
Ryan Byrd,84,2022-03-05
David Brown,6,2021-11-30
Samuel Cochran,23,2024-01-22
Steven Myers,92,2024-09-04
Jerome Swanson,49,2021-10-23
Darrell Hodge,71,2024-05-16
Susan Perez,92,2025-03-03
Anita Anderson,86,2025-01-05
Brian Rodriguez,23,2024-12-16
Paul Miles,95,2023-06-25
Daniel Byrd,52,2024-11-04
Jesse Howard,18,2024-03-27
Ashley Day,5,2023-08-22
Katherine Kemp,94,2023-05-20
Brian Brown,22,2022-11-11
