name,age,dob
Deric Marangu,63,2021-06-27
Cathy Reed Md,74,2022-04-04
Sharon Gordon,9,2022-11-10
Amanda Smith,44,2024-09-06
Jeffrey Davenport,36,2021-03-17
Angela Smith,25,2022-08-27
Eric Bowman,27,2024-07-13
Sydney Carlson,90,2021-06-17
Alyssa Mccullough,30,2024-09-02
Kyle Willis,3,2020-10-09
Brian Morgan,58,2020-11-24
Ashley Valdez,95,2024-05-31
Timothy Lowe,94,2025-03-12
Mr. Christopher Burns,11,2020-08-29
Debra Hall,42,2021-12-18
Sherri Jackson,93,2021-03-26
Michael Harris,34,2021-04-01
Matthew Malone,71,2022-02-09
Sean Horton,69,2021-03-22
Erik Ward,63,2024-07-12
Luis Miller,54,2025-05-19
Todd Brown,0,2025-06-23
Melanie Turner,21,2023-10-09
Jill Mendoza,31,2024-06-19
Michael Garcia,93,2021-07-09
Crystal Fleming,81,2021-04-09
Darren Foley,76,2022-12-12
Austin Terry,99,2022-06-05
Jodi Burton,36,2023-12-12
Jacob Norman,91,2024-02-07
April Barry,67,2022-09-12
Elizabeth Barnett,32,2024-09-30
David Hughes,46,2021-10-05
Carla Martin,81,2022-01-30
Jamie Robinson,90,2021-12-11
Ryan Byrd,84,2022-03-05
David Brown,6,2021-11-30
Samuel Cochran,23,2024-01-22
Steven Myers,92,2024-09-04
Jerome Swanson,49,2021-10-23
Darrell Hodge,71,2024-05-16
Susan Perez,92,2025-03-03
Anita Anderson,86,2025-01-05
Brian Rodriguez,23,2024-12-16
Paul Miles,95,2023-06-25
Daniel Byrd,52,2024-11-04
Jesse Howard,18,2024-03-27
Ashley Day,5,2023-08-22
Katherine Kemp,94,2023-05-20
Brian Brown,22,2022-11-11
Audrey Hamilton,67,2021-07-21
Donald Ray,78,2021-10-17
Shannon Wilson,69,2025-03-12
Robert Velasquez,62,2022-02-06
Jamie Chavez,33,2020-10-14
Terrance Stone,87,2025-03-19
Rebekah Gomez,12,2025-08-09
Miguel Bright,44,2025-07-27
Ashley Chase,56,2022-06-24
Nicholas Guzman,7,2025-01-25
Lori Johnson,31,2025-06-30
Scott Murphy,31,2024-04-10
Jose Long,22,2025-08-19
Kenneth Howard,79,2020-09-19
Angela Ortiz,19,2023-08-28
Corey Swanson,57,2025-08-01
Paul Gomez,62,2020-11-11
Joseph Smith,86,2025-04-05
Gwendolyn Herman,75,2025-06-19
Aaron Velez,2,2024-05-22
Sara Rogers,28,2022-05-17
Brent Taylor,23,2024-03-11
Adam Small,50,2021-08-21
Brittany Oneal,99,2024-08-31
Sarah Villa,77,2021-06-12
Corey Anderson,28,2021-08-12
William Smith,55,2022-07-06
Adam Gonzalez,22,2022-10-25
Cody Bentley,3,2021-05-26
Gerald Hoffman,87,2022-02-23
Antonio Todd Dds,2,2024-08-21
Renee Sanchez,96,2023-01-28
Jessica Weaver,75,2022-05-24
Jeffery Hayes,49,2022-05-30
Marcus Pearson,8,2020-11-01
Jonathan Romero,74,2021-12-28
Craig Williams,65,2020-08-23
Laura Williams,52,2022-04-04
Jerry Parks,5,2022-04-19
Laura Ferguson,51,2025-08-08
Amy Santana,79,2023-01-17
Hannah Bowman,3,2024-09-20
Melissa Wiggins,31,2023-08-02
Christina Hudson,31,2021-01-29
Daniel Spencer,76,2022-12-19
Andrea Holmes,92,2023-06-18
Christina Patrick,87,2023-10-23
David Lyons,46,2022-01-26
Brittany Wilson,59,2021-07-05
Marie Holmes,77,2024-11-15
